<changelog><commit>
					<time>1493999376</time>
					<sha1>ebb2ede5416e04bbdf00784afcc8c31a7bc54157</sha1>
					<author>Jakob Draeger</author>
					<branches>refs/heads/master</branches>
					<msg>&quot;Created the module jmjrst.main and added files to the src.xml&quot;</msg>
				</commit><commit>
					<time>1493994087</time>
					<sha1>2704efacaf64b27dc31a874eda0545650708ba69</sha1>
					<author>Jakob Draeger</author>
					<branches>refs/heads/master</branches>
					<msg>&quot;Raw iMage project only with /src/assembly/src.xml added.&quot;</msg>
				</commit><commit>
					<time>1493993534</time>
					<sha1>faaf65e29be075448e59bc35814d09f9c49853ee</sha1>
					<author>Jakob Draeger</author>
					<branches>refs/heads/master</branches>
					<msg>&quot;Adding the .gitignore file to the repository.&quot;</msg>
				</commit></changelog>